{"statusCode": 200, "body": "{\"latest\": {\"time\": \"2025-10-20T00:00:00-04:00\", \"open\": 255.88499450683594, \"high\": 264.375, \"low\": 255.6300048828125, \"close\": 262.239990234375, \"volume\": 87693696}}"}